INSERT INTO Produkt (Produkt_ID, Preis, Produktgruppe, Hersteller) VALUES (1, 199.99, 'Elektronik', 'HerstellerA');
INSERT INTO Produkt (Produkt_ID, Preis, Produktgruppe, Hersteller) VALUES (2, 299.99, 'Haushalt', 'HerstellerB');
INSERT INTO Produkt (Produkt_ID, Preis, Produktgruppe, Hersteller) VALUES (3, 49.99, 'Sport', 'HerstellerC');
INSERT INTO Produkt (Produkt_ID, Preis, Produktgruppe, Hersteller) VALUES (4, 89.99, 'Küche', 'HerstellerD');
INSERT INTO Produkt (Produkt_ID, Preis, Produktgruppe, Hersteller) VALUES (5, 129.99, 'Garten', 'HerstellerE');
INSERT INTO Produkt (Produkt_ID, Preis, Produktgruppe, Hersteller) VALUES (6, 159.99, 'Büro', 'HerstellerF');

INSERT INTO Kunde (Kunde_ID, Name, Age) VALUES (1, 'Max Mustermann', 30);
INSERT INTO Kunde (Kunde_ID, Name, Age) VALUES (2, 'Erika Musterfrau', 25);
INSERT INTO Kunde (Kunde_ID, Name, Age) VALUES (3, 'Hans Müller', 40);
INSERT INTO Kunde (Kunde_ID, Name, Age) VALUES (4, 'Julia Schmidt', 22);
INSERT INTO Kunde (Kunde_ID, Name, Age) VALUES (5, 'Peter Klein', 35);
INSERT INTO Kunde (Kunde_ID, Name, Age) VALUES (6, 'Anna Groß', 28);
INSERT INTO Kunde (Kunde_ID, Name, Age) VALUES (7, 'Lena Kurz', 32);
INSERT INTO Kunde (Kunde_ID, Name, Age) VALUES (8, 'Tom Lang', 45);
INSERT INTO Kunde (Kunde_ID, Name, Age) VALUES (9, 'Sara Klein', 29);
INSERT INTO Kunde (Kunde_ID, Name, Age) VALUES (10, 'Janine Groß', 33);

INSERT INTO Verkäufer(Verkäufer_ID, Name, Fachgebiet, Geburtsdatum ) VALUES (1, 'Anna Schmidt', 'Elektronik', TO_DATE('1985-05-15', 'YYYY-MM-DD'));
INSERT INTO Verkäufer(Verkäufer_ID, Name, Fachgebiet, Geburtsdatum ) VALUES (2, 'Peter Meier', 'Haushalt', TO_DATE('1990-08-20', 'YYYY-MM-DD'));
INSERT INTO Verkäufer(Verkäufer_ID, Name, Fachgebiet, Geburtsdatum ) VALUES (3, 'Lisa Braun', 'Sport', TO_DATE('1992-11-30', 'YYYY-MM-DD'));
INSERT INTO Verkäufer(Verkäufer_ID, Name, Fachgebiet, Geburtsdatum ) VALUES (4, 'Markus Weiß', 'Küche', TO_DATE('1988-02-10', 'YYYY-MM-DD'));
INSERT INTO Verkäufer(Verkäufer_ID, Name, Fachgebiet, Geburtsdatum ) VALUES (5, 'Nina Grün', 'Garten', TO_DATE('1987-07-25', 'YYYY-MM-DD'));

INSERT INTO Zeit(Zeit_ID, Tag, Woche, Monat, Quartal, Jahr) VALUES(1, 15, 20, 5, 2, 2023);
INSERT INTO Zeit(Zeit_ID, Tag, Woche, Monat, Quartal, Jahr) VALUES(2, 10, 15, 4, 2, 2023);
INSERT INTO Zeit(Zeit_ID, Tag, Woche, Monat, Quartal, Jahr) VALUES(3, 5, 10, 3, 1, 2023);
INSERT INTO Zeit(Zeit_ID, Tag, Woche, Monat, Quartal, Jahr) VALUES(4, 20, 25, 6, 2, 2023);
INSERT INTO Zeit(Zeit_ID, Tag, Woche, Monat, Quartal, Jahr )VALUES(5, 12, 18, 7, 3, 2023);
INSERT INTO Zeit(Zeit_ID, Tag, Woche, Monat, Quartal, Jahr )VALUES(6, 7, 12, 8, 3, 2023);
INSERT INTO Zeit(Zeit_ID, Tag, Woche, Monat, Quartal, Jahr )VALUES(7, 22, 29, 9, 3, 2023);
INSERT INTO Zeit(Zeit_ID, Tag, Woche, Monat, Quartal, Jahr )VALUES(8, 17, 23, 10, 4, 2023);
INSERT INTO Zeit(Zeit_ID, Tag, Woche, Monat, Quartal, Jahr )VALUES(9, 13, 19, 11, 4, 2023);
INSERT INTO Zeit(Zeit_ID, Tag, Woche, Monat, Quartal, Jahr )VALUES(10, 28, 31, 12, 4, 2023);
INSERT INTO Zeit(Zeit_ID, Tag, Woche, Monat, Quartal, Jahr )VALUES(11, 2, 1, 1, 1, 2024);
INSERT INTO Zeit(Zeit_ID, Tag, Woche, Monat, Quartal, Jahr )VALUES(12, 8, 2, 2, 1, 2024);

INSERT INTO Verkauf (Verkauf_ID, ZeitZeit_ID, ProduktProdukt_ID, KundeKunde_ID, VerkäuferVerkäufer_ID) VALUES (1, 1, 1, 1, 1);
INSERT INTO Verkauf (Verkauf_ID, ZeitZeit_ID, ProduktProdukt_ID, KundeKunde_ID, VerkäuferVerkäufer_ID) VALUES (2, 2, 2, 2, 2);
INSERT INTO Verkauf (Verkauf_ID, ZeitZeit_ID, ProduktProdukt_ID, KundeKunde_ID, VerkäuferVerkäufer_ID) VALUES (3, 3, 3, 3, 3);
INSERT INTO Verkauf (Verkauf_ID, ZeitZeit_ID, ProduktProdukt_ID, KundeKunde_ID, VerkäuferVerkäufer_ID) VALUES (4, 4, 4, 4, 4);
INSERT INTO Verkauf (Verkauf_ID, ZeitZeit_ID, ProduktProdukt_ID, KundeKunde_ID, VerkäuferVerkäufer_ID) VALUES (5, 5, 5, 5, 5);
INSERT INTO Verkauf (Verkauf_ID, ZeitZeit_ID, ProduktProdukt_ID, KundeKunde_ID, VerkäuferVerkäufer_ID) VALUES (6, 6, 6, 6, 1);
INSERT INTO Verkauf (Verkauf_ID, ZeitZeit_ID, ProduktProdukt_ID, KundeKunde_ID, VerkäuferVerkäufer_ID) VALUES (7, 7, 1, 7, 1);
INSERT INTO Verkauf (Verkauf_ID, ZeitZeit_ID, ProduktProdukt_ID, KundeKunde_ID, VerkäuferVerkäufer_ID) VALUES (8, 8, 2, 8, 2);
INSERT INTO Verkauf (Verkauf_ID, ZeitZeit_ID, ProduktProdukt_ID, KundeKunde_ID, VerkäuferVerkäufer_ID) VALUES (9, 9, 3, 9, 3);
INSERT INTO Verkauf (Verkauf_ID, ZeitZeit_ID, ProduktProdukt_ID, KundeKunde_ID, VerkäuferVerkäufer_ID) VALUES (10, 10, 3, 10, 3);
INSERT INTO Verkauf (Verkauf_ID, ZeitZeit_ID, ProduktProdukt_ID, KundeKunde_ID, VerkäuferVerkäufer_ID) VALUES (11, 11, 4, 6, 4);
INSERT INTO Verkauf (Verkauf_ID, ZeitZeit_ID, ProduktProdukt_ID, KundeKunde_ID, VerkäuferVerkäufer_ID) VALUES (12, 12, 6, 7, 1);
INSERT INTO Verkauf (Verkauf_ID, ZeitZeit_ID, ProduktProdukt_ID, KundeKunde_ID, VerkäuferVerkäufer_ID) VALUES (13, 1, 1, 7, 3);
INSERT INTO Verkauf (Verkauf_ID, ZeitZeit_ID, ProduktProdukt_ID, KundeKunde_ID, VerkäuferVerkäufer_ID) VALUES (14, 1, 1, 7, 3);
INSERT INTO Verkauf (Verkauf_ID, ZeitZeit_ID, ProduktProdukt_ID, KundeKunde_ID, VerkäuferVerkäufer_ID) VALUES (15, 1, 1, 1, 2);
INSERT INTO Verkauf (Verkauf_ID, ZeitZeit_ID, ProduktProdukt_ID, KundeKunde_ID, VerkäuferVerkäufer_ID) VALUES (16, 4, 1, 1, 5);
INSERT INTO Verkauf (Verkauf_ID, ZeitZeit_ID, ProduktProdukt_ID, KundeKunde_ID, VerkäuferVerkäufer_ID) VALUES (17, 5, 2, 2, 1);
INSERT INTO Verkauf (Verkauf_ID, ZeitZeit_ID, ProduktProdukt_ID, KundeKunde_ID, VerkäuferVerkäufer_ID) VALUES (18, 4, 3, 2, 2);
INSERT INTO Verkauf (Verkauf_ID, ZeitZeit_ID, ProduktProdukt_ID, KundeKunde_ID, VerkäuferVerkäufer_ID) VALUES (19, 3, 4, 2, 3);
INSERT INTO Verkauf (Verkauf_ID, ZeitZeit_ID, ProduktProdukt_ID, KundeKunde_ID, VerkäuferVerkäufer_ID) VALUES (20, 6, 5, 5, 3);
INSERT INTO Verkauf (Verkauf_ID, ZeitZeit_ID, ProduktProdukt_ID, KundeKunde_ID, VerkäuferVerkäufer_ID) VALUES (21, 1, 5, 6, 4);
INSERT INTO Verkauf (Verkauf_ID, ZeitZeit_ID, ProduktProdukt_ID, KundeKunde_ID, VerkäuferVerkäufer_ID) VALUES (22, 3, 5, 7, 2);
